{
  "MAE": 34.65939615843037,
  "RMSE": 69.50773341362319,
  "WAPE": 0.41356784431394533
}