{
  "MAE": 12.372709408246914,
  "RMSE": 25.832677583932956,
  "WAPE": 0.4568192990712492
}