,MAE,RMSE,WAPE
5.0,93.32399955736686,141.83880127168095,0.40424045041877654
11.0,32.79207054194809,49.215321521009585,0.4133213236791911
18.0,16.132880200344747,23.74216637960061,0.4142237650998125
9.0,15.12442967527263,22.80952676241423,0.43782123309162213
19.0,15.923600817219512,23.07090434661936,0.4506266452791303
