{
  "MAE": 35.6016007713463,
  "RMSE": 86.21290697069657,
  "WAPE": 0.47703939311655497
}