cluster,MAE,RMSE,WAPE
0.0,9.493372791614146,13.552350233837911,0.5076613423652349
2.0,0.2131509735067057,0.4388146468176678,1.8174588924447403
