cluster,MAE,RMSE,WAPE
3.0,26.841737024657448,41.215869048226914,0.43299325661504606
0.0,8.697105129724742,12.91030181194863,0.4687637843279958
2.0,0.21004007369133917,0.4350856245344012,1.8195187448764423
