{
  "MAE": 4.8532618825604255,
  "RMSE": 9.587980891586826,
  "WAPE": 0.5158246328934631
}