{
  "MAE": 11.916294076024512,
  "RMSE": 24.937341837606173,
  "WAPE": 0.44320549076012106
}