cluster,total_shortage_hours,total_bike_deficit,days_with_shortage,days_total,mean_initial_bikes
5.0,193,45329.0,22,61,873.8196721311475
9.0,288,14540.0,27,61,178.13114754098362
11.0,285,14179.0,33,61,116.24590163934427
18.0,140,3028.0,18,61,58.557377049180324
19.0,351,19563.0,30,61,82.8360655737705
